{
  "model": "FaultCNN1D",
  "target": "binary_target",
  "threshold": 0.05062306672334671,
  "feature_count": null,
  "channel_count": 48,
  "train_rows": 3000,
  "val_rows": 1500,
  "test_rows": 1500,
  "device": "cpu",
  "epoch_losses": [
    0.2326985588891709,
    0.11635487677252039
  ],
  "validation_metrics": {
    "tn": 903,
    "fp": 22,
    "fn": 21,
    "tp": 554,
    "accuracy": 0.9713333333333334,
    "precision": 0.9618055555555556,
    "recall": 0.9634782608695652,
    "false_positive_rate": 0.023783783783783784,
    "false_negative_rate": 0.036521739130434785
  },
  "test_metrics": {
    "tn": 936,
    "fp": 6,
    "fn": 23,
    "tp": 535,
    "accuracy": 0.9806666666666667,
    "precision": 0.988909426987061,
    "recall": 0.9587813620071685,
    "false_positive_rate": 0.006369426751592357,
    "false_negative_rate": 0.04121863799283154
  },
  "latency": {
    "val_seconds": 2.770422695997695,
    "test_seconds": 2.55706970099709,
    "test_ms_per_window": 1.70471313399806
  }
}