{
  "model": "FaultCNN1D",
  "target": "binary_target",
  "threshold": 0.9999995231628418,
  "feature_count": null,
  "channel_count": 48,
  "train_rows": 290490,
  "val_rows": 50000,
  "test_rows": 50000,
  "device": "cuda",
  "epoch_losses": [
    0.07609594811383687,
    0.0465631452093924,
    0.03592175240202112,
    0.03412194859111865,
    0.02929897799851819,
    0.02748049279587986,
    0.027134858748570582,
    0.026039085935466777,
    0.027418177991754597,
    0.02274676701455692,
    0.021964900219373563,
    0.021069881923145836,
    0.02107847891038802,
    0.02074583836799999,
    0.021166614703194593,
    0.0194927238388656,
    0.018315708347715922,
    0.0189410861307742,
    0.018402395020837528,
    0.01689195685751874,
    0.015893959027918344,
    0.016282618215305952,
    0.016118648961886542,
    0.015985947971733968,
    0.014961094046003369,
    0.014713239381999813,
    0.014445495156675387,
    0.014001052469916111,
    0.013604988839598636,
    0.012829671594401178
  ],
  "val_losses": [
    0.2095459901860782,
    0.05390038687203612,
    0.0379472794296334,
    0.036381034047475884,
    0.038905063085733174,
    0.04612292761781386,
    0.03645768364397239,
    0.039179252814596555,
    0.047578181829113435,
    0.03114113525477979,
    0.06268108157174927,
    0.03384024249057153,
    0.044211159557655304,
    0.03419425738832856,
    0.04065722749777594,
    0.029992285639532292,
    0.038734476150925824,
    0.05150834041438541,
    0.036633839262934516,
    0.0351036883539007,
    0.03773280518956254,
    0.04028899423963371,
    0.033503259484043195,
    0.035826724699736405,
    0.0365264592383399,
    0.042307715033827235,
    0.03907907952445236,
    0.03924930216839575,
    0.042139927289990366,
    0.03801885511540827
  ],
  "best_epoch": 16,
  "best_val_loss": 0.029992285639532292,
  "validation_metrics": {
    "tn": 31810,
    "fp": 29,
    "fn": 846,
    "tp": 17315,
    "accuracy": 0.9825,
    "precision": 0.9983279520295203,
    "recall": 0.9534166620780794,
    "false_positive_rate": 0.0009108326266528471,
    "false_negative_rate": 0.0465833379219206
  },
  "test_metrics": {
    "tn": 31727,
    "fp": 0,
    "fn": 837,
    "tp": 17436,
    "accuracy": 0.98326,
    "precision": 1.0,
    "recall": 0.9541947135117387,
    "false_positive_rate": 0.0,
    "false_negative_rate": 0.04580528648826137
  },
  "latency": {
    "val_seconds": 2.655977535992861,
    "test_seconds": 5.308422174304724,
    "test_ms_per_window": 0.10616844348609447
  }
}