report,model,feature_count,threshold,val_recall,val_fpr,test_recall,test_fpr,test_precision,test_fn,test_fp
reports/xgboost_fault_detector_48ch_optuna_report.json,XGBClassifierOptuna,291,0.965518593788147,0.9702898985655123,0.0005794335185248305,0.9619227812924969,0.0023721937635369753,0.9957767168564083,644,69
reports/xgboost_fault_detector_48ch_tuned_recall97_report.json,XGBClassifierThresholdTuned,291,0.9755968451499939,0.970409939379389,0.0005794335185248305,0.9597351150002956,0.0007907312545123251,0.9985850507536143,681,23
reports/xgboost_fault_detector_48ch_tuned_threshold_report.json,XGBClassifierThresholdTuned,291,0.9861921072006226,0.9617670007802653,0.0003749275708101844,0.9491515402353219,0.0004469350568982707,0.9991908377940993,860,13
reports/xgboost_fault_detector_48ch_report.json,XGBClassifier,291,0.9913473725318909,0.9536642458435868,0.0002385902723337537,0.9410512623425767,0.00030941657785264894,0.9994348508634223,997,9
reports/baseline_fault_detector_report.json,RandomForestClassifier,39,0.8766666666666667,0.9500630214272853,0.0008180237908585841,0.9351386507420327,0.0006188331557052979,0.9988632057597575,1097,18
reports/xgboost_fault_detector_report.json,XGBClassifier,39,0.9778769612312317,0.9566652661905047,0.00040901189542929205,0.9344882634659729,0.00020627771856843264,0.9996205173613307,1108,6
