{
  "model_path": "models/xgboost_fault_detector_48ch_tuned_recall97.joblib",
  "data_path": "data/processed_48ch/features_test_realistic_0_5pct.csv",
  "threshold": 0.9755968451499939,
  "metrics": {
    "tn": 29064,
    "fp": 23,
    "fn": 7,
    "tp": 139,
    "accuracy": 0.9989737625286491,
    "precision": 0.8580246913580247,
    "recall": 0.952054794520548,
    "false_positive_rate": 0.0007907312545123251,
    "false_negative_rate": 0.04794520547945205,
    "alerts_per_10000_windows": 7.907312545123251,
    "fault_ratio": 0.00499435569390757,
    "rows": 29233
  }
}