trial,score,threshold,val_recall,val_fpr,val_precision,val_fn,val_fp,n_estimators,max_depth,learning_rate,min_child_weight,gamma,subsample,colsample_bytree,reg_alpha,reg_lambda,scale_pos_weight,objective,eval_metric,random_state,n_jobs,verbosity
1,1.9545821401337056,0.9132658243179321,0.9705900006002041,0.0023518183987184292,0.9957512315270935,490,69,150,6,0.08606122623262345,4.90278528414539,1.255465302816986,0.9829299943053544,0.8068696878482884,0.06534091903110016,0.0038176242100890104,3.0118654299414285,binary:logistic,logloss,42,-1,0
3,1.9453586270624055,0.8680031299591064,0.9701698577516356,0.003647022734244521,0.9934238829819925,497,107,250,6,0.03952898296781902,4.899805011634623,0.7231017062102307,0.7766600762428354,0.6861347652143541,6.335977460342153e-07,13.371901812767678,2.9165962111547743,binary:logistic,logloss,42,-1,0
2,1.9447954169929924,0.8949856162071228,0.9705299801932658,0.0037833600327209518,0.9931822369633315,491,111,150,4,0.10930582142510978,3.9215498218670817,2.554650400567076,0.8925011030882324,0.844328973072086,0.0010289587038539564,0.17874486369036208,3.7149071222472343,binary:logistic,logloss,42,-1,0
4,1.9099823662137627,0.7095401287078857,0.9703499189724506,0.008896008725587103,0.9841124908692477,494,261,150,4,0.025129135787666054,7.068850959292192,1.382822722818284,0.7612501047227845,0.8385319361837623,0.00041219904980729357,0.043124971693371913,3.1613964286126093,binary:logistic,logloss,42,-1,0
0,1.906927707170668,0.6676192879676819,0.9702898985655123,0.009339104945635503,0.9833333333333333,495,274,200,4,0.021217290025260977,1.6766857865266314,2.8504730631254978,0.8931137483860583,0.964288970447271,5.336321238759747e-05,12.03532113174729,2.762661521670272,binary:logistic,logloss,42,-1,0
